local_id,year,title,doi,openalex_id,paper_no,article_no,crossref_candidate_doi,crossref_title_similarity,openalex_title_similarity,local_author_count,network_author_nodes
publication:2025:1db57459fa26,2025,A Hybrid Data-Driven Optimization and Decision-Making Approach for a Digital Twin Environment: Towards Customizing Production Platforms,10.1016/j.ijpe.2024.109447,https://openalex.org/W4403818661,,109447,10.1016/j.ijpe.2024.109447,1.0,1.0,5,7
publication:2025:ccaffb592a9f,2025,A Hybrid Multi-Criteria Decision-Making Approach for Production Line Configuration based on Product Modularity and Life Cycle,10.1080/09544828.2025.2500862,https://openalex.org/W4410155528,,,10.1080/09544828.2025.2500862,0.996,0.996,5,8
publication:2025:4df650d3e974,2025,AI-based Mechanical Properties Prediction of Sintering-aging Combined Effect in Metal-material Extrusion,10.1007/s40684-025-00826-w,https://openalex.org/W7143361878,,,10.1007/s40684-025-00826-w,1.0,1.0,6,9
publication:2025:08216a5c268a,2025,Audio-visual cross-modality knowledge transfer for machine learning-based in-situ monitoring in laser additive manufacturing,10.1016/j.addma.2025.104692,https://openalex.org/W4407158731,,104692,10.1016/j.addma.2025.104692,1.0,1.0,4,6
publication:2025:833fe69c8759,2025,Autonomous printing process optimisation and in-situ anomaly detection in fused deposition modelling using an integrated data-driven approach,10.1080/17452759.2025.2545523,https://openalex.org/W4413439868,,22545523,10.1080/17452759.2025.2545523,1.0,1.0,8,8
publication:2025:c000f9833179,2025,Digital twin driven reconfigurable production line design and optimization in smart factory,,,,,10.1016/b978-0-323-91300-3.00001-2,0.6081,,5,5
publication:2025:01aaba1b7d07,2025,Enhanced Mechanical Properties and Reduced Anisotropy of Material Extrusion-Manufactured Short Carbon Fiber-Reinforced Plastic via Cold Isostatic Pressing,10.1080/17452759.2025.2499934,https://openalex.org/W4410315868,,e2499934,10.1080/17452759.2025.2499934,0.9935,0.9935,4,5
publication:2025:d9b7265540fa,2025,High-strength joining of additive-manufactured polymer and metal parts via warm isostatic pressing: Applications in medical implants and injection moulds,,https://openalex.org/W4406419125,,e2449566,10.1080/17452759.2024.2449566,0.8963,0.8963,7,8
publication:2025:d5caa7b1dd93,2025,"Temperature Dependent Mechanical Properties of End-of-Life Carbon Reinforced Plastics, “International Journal of Precision Engineering and Manufacturing – Green Technology, 2025 (Accepted)",,,,,10.1007/s40684-025-00754-9,0.625,,6,6
publication:2025:0228055ccde8,2025,Leveraging Vision-Language Models for Manufacturing Feature Recognition in CAD Designs,10.1115/1.4069266,https://openalex.org/W4412708717,,10,10.1115/1.4069266,0.9399,0.9399,6,8
publication:2025:36e34c36c95a,2025,Microstructures Formation and Strengthening Mechanism of Ultra-Rapidly Solidified Powder Metallurgy Ti-Si Alloys via Hot Rolling Process,10.2320/matertrans.mt-y2025003,https://openalex.org/W4412619471,,963,10.2320/matertrans.mt-y2025003,1.0,1.0,8,9
publication:2025:cb6b138028bc,2025,Software-Defined Factory: Paradigm Shift in Manufacturing Towards Industry 5.0,10.57062/ijpem-st.2025.00066,https://openalex.org/W4412062241,,201,10.57062/ijpem-st.2025.00066,1.0,1.0,5,7
publication:2025:f59bcb70bcda,2025,Strategic design and simulation of interfaces for enhanced joint performance in metal-polymer hybrid structures,10.1093/jcde/qwaf029,https://openalex.org/W4408317703,,,10.1093/jcde/qwaf029,1.0,1.0,4,5
publication:2024:ec30e96089e7,2024,A Hybrid Simulation-Gaussian Process Regression Approach for Performance Prediction and Reconfiguration of Production Layout,10.1115/detc2024-142477,https://openalex.org/W4404333653,IDETC2024-142477,,10.1115/detc2024-142477,1.0,1.0,2,3
publication:2024:563a5660194c,2024,A digital twin emulator for production performance prediction and optimization using multi-scale ensemble and surrogate models,10.1007/s10845-024-02545-6,https://openalex.org/W4405445762,,,10.1007/s10845-024-02545-6,0.9767,0.9767,5,7
publication:2024:44d46a3ded25,2024,Automatic Feature Recognition and Dimensional Attributes Extraction From CAD Models for Hybrid Additive-Subtractive Manufacturing,10.1115/detc2024-143107,https://openalex.org/W4404333640,IDETC2024-143107,,10.1115/detc2024-143107,1.0,1.0,7,10
publication:2024:45c499cb84ca,2024,Conductivity and Flexibility Enhancement of Aerosol-Jet-Printed Sensors using a Sliver Nanoparticle Ink with Carbon Nanotubes,10.24425/amm.2024.149754,https://openalex.org/W4400208797,,401,10.24425/amm.2024.149754,0.992,0.992,6,6
publication:2024:7114384538da,2024,Crack Control in Additive Manufacturing by Leveraging Process Parameters and Lattice Design,10.3390/mi15111361,https://openalex.org/W4404248629,,11,10.3390/mi15111361,1.0,1.0,5,6
publication:2024:b651782dd53f,2024,Current collectors of Carbon Fiber Reinforced Polymer for Stackable Energy Storage Composites,10.1016/j.ensm.2023.103070,https://openalex.org/W4388665511,,103070,10.1016/j.ensm.2023.103070,1.0,1.0,15,19
publication:2024:ba669b4d2d33,2024,Data-Driven autonomous printing process optimization and real-time abnormality identification in aerosol jet-deposited droplet morphology,10.1080/17452759.2024.2429530,https://openalex.org/W4404660321,,,10.1080/17452759.2024.2429530,1.0,1.0,6,7
publication:2024:4baa492ccf66,2024,Direct energy deposition for smart micro reactor,10.1080/17452759.2024.2411024,https://openalex.org/W4403342631,,,10.1080/17452759.2024.2411024,1.0,1.0,8,13
publication:2024:a8195b65590f,2024,Fabrication of 17-4PH stainless steel by metal material extrusion: Effects of process parameters and heat treatment on physical properties,10.1016/j.matdes.2024.113471,https://openalex.org/W4404500193,,113471,10.1016/j.matdes.2024.113471,1.0,1.0,4,4
publication:2024:061699f70d45,2024,In-Situ Defect Detection in Laser-Directed Energy Deposition with Machine Learning and Multi-Sensor Fusion,10.1007/s12206-024-2401-1,https://openalex.org/W4402172856,,4477,10.1007/s12206-024-2401-1,1.0,1.0,2,3
publication:2024:9d487adf2ffe,2024,In-situ process monitoring and adaptive quality enhancement in laser additive manufacturing: a critical review,10.1016/j.jmsy.2024.04.013,https://openalex.org/W4395020995,,527,10.1016/j.jmsy.2024.04.013,1.0,1.0,9,10
publication:2024:36781dfd9429,2024,Influence of nozzle temperature on gas emissions and mechanical properties in material extrusion-based additive manufacturing of super engineering plastics,10.1007/s40684-024-00614-y,https://openalex.org/W4393379446,,,10.1007/s40684-024-00614-y,1.0,1.0,6,6
publication:2024:63da618a7759,2024,Single-Track Melt Pool Simulation In Robotic Laser-Directed Energy Deposition Under Speed Inaccuracy,,,,,10.32604/icces.2024.012511,0.597,,5,5
publication:2024:95bbb33f191b,2024,Uncertainty quantification of Process-Property-Structure linkage for Fused Filament Fabrication parts,10.1115/1.4065443,https://openalex.org/W4396670133,,031102,10.1115/1.4065443,1.0,1.0,2,3
publication:2023:5d6651d1cd8f,2023,A design optimization framework for 3D printed lattice structures,10.57062/ijpem-st.2023.0059,https://openalex.org/W4383376963,,145,10.57062/ijpem-st.2023.0059,1.0,1.0,3,3
publication:2023:5c49a3699a70,2023,A novel quality inspection method for aerosol jet printed sensors through infrared imaging and machine learning,10.1016/j.cirp.2023.03.029,https://openalex.org/W4367042626,,165,10.1016/j.cirp.2023.03.029,1.0,1.0,4,5
publication:2023:676599739f23,2023,A novel quality inspection method for aerosol jet printed sensors through infrared imaging and machine learning,10.1016/j.cirp.2023.03.029,https://openalex.org/W4367042626,,165,10.1016/j.cirp.2023.03.029,1.0,1.0,4,5
publication:2023:1ba192061b56,2023,A two-phase iterative mathematical programming-based heuristic for a flexible job shop scheduling problem with transportation,10.3390/app13085215,https://openalex.org/W4366829081,,5215,10.3390/app13085215,1.0,1.0,2,2
publication:2023:b5f71080407e,2023,Adaptive Voxelization and Material-dependent Process Parameter Assignment for Multi-material Additive Manufacturing,10.1109/ieem58616.2023.10406952,https://openalex.org/W4391423680,,,10.1109/ieem58616.2023.10406952,1.0,1.0,5,7
publication:2023:05dbe1f330d1,2023,"Additive Manufacturing for Automotive Industry: Status, Challenges and Future Perspectives",10.1109/ieem58616.2023.10406820,https://openalex.org/W4391422555,,,10.1109/ieem58616.2023.10406820,1.0,1.0,4,6
publication:2023:dd36dbd6473c,2023,Enhanced Energy Absorption of Additive-Manufactured Ti-6Al-4V Parts via Hybrid Lattice Structures,10.3390/mi14111982,https://openalex.org/W4388196831,,1982,10.3390/mi14111982,1.0,1.0,5,10
publication:2023:2f5ccd93027e,2023,Flexibility - Grand Challenge for Product Design and Production: Review and Status,10.1016/j.procir.2023.05.003,https://openalex.org/W4383648146,,,10.1016/j.procir.2023.05.003,1.0,1.0,4,5
publication:2023:9a799390ff59,2023,In-situ crack and keyhole pore detection in laser directed energy deposition through acoustic signal and deep learning,10.1016/j.addma.2023.103547,https://openalex.org/W4363649849,,103547,10.1016/j.addma.2023.103547,1.0,1.0,9,10
publication:2023:b6b0d4e0fd8d,2023,Key Enabling Technologies for Smart Factory in Automotive Industry: Status and Applications,10.57062/ijpem-st.2022.0017,https://openalex.org/W4313422800,,93,10.57062/ijpem-st.2022.0017,1.0,1.0,10,13
publication:2023:f7d825cadd46,2023,Multimodal sensor fusion for Real-time location-dependent defect detection in laser-directed energy deposition,10.1115/detc2023-110284,https://openalex.org/W4388858405,IDETC2023-110284,,10.1115/detc2023-110284,1.0,1.0,5,7
publication:2023:d0aa97521359,2023,Multisensor fusion-based digital twin for localized quality prediction in robotic laser-directed energy deposition,10.2139/ssrn.4341754,https://openalex.org/W4320008663,,102581,10.2139/ssrn.4341754,1.0,1.0,8,9
publication:2023:0985edb64ca4,2023,Multisensor fusion-based digital twin in additive manufacturing for in-situ quality monitoring and defect correction,10.1017/pds.2023.276,https://openalex.org/W4381185647,,,10.1017/pds.2023.276,1.0,1.0,5,6
publication:2023:3b67bc5103dd,2023,Strategic Production Process Design with Additive Manufacturing in a Make-to-stock Environment,10.1115/1.4063285,https://openalex.org/W4386245745,,11,10.1115/1.4063285,1.0,1.0,4,4
publication:2022:1287554c24f7,2022,A Surrogate Model to Predict Production Performance in Digital Twin based Smart Manufacturing,10.1115/1.4053038,https://openalex.org/W3214784771,,031007,10.1115/1.4053038,1.0,1.0,4,4
publication:2022:22403da661f0,2022,A data-driven framework to predict fused filament fabrication part properties using surrogate models and multi-objective optimisation,10.21203/rs.3.rs-1159839/v1,https://openalex.org/W4200196081,,8275,10.21203/rs.3.rs-1159839/v1,1.0,1.0,3,3
publication:2022:97d728651979,2022,Discovery of Customized Dispatching rule for Single-Machine Production Scheduling using Deep Reinforcement Learning,10.1115/detc2022-89829,https://openalex.org/W4312278207,DETC2022-89829,,10.1115/detc2022-89829,1.0,1.0,5,5
publication:2022:de4a2b08947c,2022,Guidelines for 3D Printed Spring Using Material Extrusion,10.1108/rpj-04-2020-0078,https://openalex.org/W3201441528,,409,10.1108/rpj-04-2020-0078,0.9913,0.9913,2,3
publication:2022:9ae50c91f99d,2022,How to use the Levers of Modularity properly – Linking Modularization to Economic Targets,10.1115/1.4054023,https://openalex.org/W4214852399,,071401,10.1115/1.4054023,1.0,1.0,13,14
publication:2022:8b784382c8d6,2022,In-Situ Acoustic Monitoring of Direct Energy Deposition Process with Deep Learning-Assisted Signal Denoising,10.1016/j.matpr.2022.09.008,https://openalex.org/W4295994902,,136,10.1016/j.matpr.2022.09.008,1.0,1.0,3,4
publication:2022:889c9a31a764,2022,In-Situ Acoustic Monitoring of Direct Energy Deposition Process with Deep Learning-Assisted Signal Denoising,10.1016/j.matpr.2022.09.008,https://openalex.org/W4295994902,,136,10.1016/j.matpr.2022.09.008,1.0,1.0,3,4
publication:2022:fa16becedb65,2022,In-process adaptive dimension correction strategy for laser aided additive manufacturing,,https://openalex.org/W4214872519,,1175544,10.1016/j.jmatprotec.2022.117544,0.8713,0.8713,7,8
publication:2022:9fb5066c7f55,2022,In-situ Melt Pool Monitoring of Laser Aided Additive Manufacturing Using Infrared Thermal Imaging,10.1109/ieem55944.2022.9989715,https://openalex.org/W4312198824,,,10.1109/ieem55944.2022.9989715,1.0,1.0,4,5
publication:2022:b174f83b7c83,2022,Laser powder bed fusion for AI assisted digital metal components,10.1080/17452759.2022.2068804,https://openalex.org/W4229028810,,806,10.1080/17452759.2022.2068804,1.0,1.0,16,19
publication:2022:a55ed494c20e,2022,Modelling the Stiffness of Plastic Springs Manufactured via Additive Manufacturing,10.1177/09544054211038282,https://openalex.org/W3190655419,,486,10.1177/09544054211038282,1.0,1.0,2,3
publication:2022:8be050511a70,2022,Toolpath design for in-process surface defect correction in hybrid additive-subtractive manufacturing,,,,,10.1016/j.addma.2025.104812,0.5094,,3,3
publication:2021:186ffed775bb,2021,A knowledge transfer framework to support rapid process modeling in aerosol jet printing,10.1016/j.aei.2021.101264,https://openalex.org/W3132233412,,101264,10.1016/j.aei.2021.101264,1.0,1.0,4,4
publication:2021:d4c51759ad5f,2021,Data-driven Design Strategy in Fused Filament Fabrication: Status and Opportunities,10.1093/jcde/qwaa094,https://openalex.org/W3118283476,,489,10.1093/jcde/qwaa094,1.0,1.0,2,2
publication:2021:13dfade6f2d6,2021,Effect Of Build Angle On Surface Roughness Of High-speed Selective Laser Melted Ti–6Al–4V Alloy,10.1007/978-981-16-5763-4_23,https://openalex.org/W3195963869,,,10.1007/978-981-16-5763-4_23,1.0,1.0,5,6
publication:2021:862c990db473,2021,Effect of geometry on the mechanical response of additively manufactured polymer,10.1016/j.polymertesting.2021.107245,https://openalex.org/W3164573603,,107245,10.1016/j.polymertesting.2021.107245,1.0,1.0,3,3
publication:2021:c03827c42c14,2021,Geometric influence of the laser-based powder bed fusion process in Ti6AL4V and AlSi10Mg,10.1007/s00170-021-07089-0,https://openalex.org/W3153937417,,3165,10.1007/s00170-021-07089-0,1.0,1.0,4,4
publication:2021:66640c7e16d6,2021,Hybrid Decision Support to Monitor Atrial Fibrillation for Stroke Prevention,10.3390/ijerph18020813,https://openalex.org/W3125292327,,813,10.3390/ijerph18020813,1.0,1.0,5,7
publication:2021:65e144e8e92f,2021,Reverse effect of hot isostatic pressing on high-speed selective laser melted Ti-6Al-4V alloy,10.1016/j.msea.2021.140880,https://openalex.org/W3129166188,,140880,10.1016/j.msea.2021.140880,1.0,1.0,8,9
publication:2021:78361573e06a,2021,Phase-Field Crystal Modelling of Deformation Behavior in Grain Growth,10.1007/978-981-16-5763-4_48,https://openalex.org/W3193973008,,,10.1007/978-981-16-5763-4_48,1.0,1.0,3,3
publication:2021:1943bde70560,2021,Prediction of Production Performance in Smart Manufacturing using Multivariate Adaptive Regression Spline,10.1115/detc2021-69632,https://openalex.org/W3212224578,DETC2021-69632,,10.1115/detc2021-69632,1.0,1.0,4,4
publication:2021:32b9181bd880,2021,Rapid Surface Defect Identification for Additive Manufacturing with in-situ Point Cloud Processing and Machine Learning,10.1080/17452759.2020.1832695,https://openalex.org/W3130247865,,50,10.1080/17452759.2020.1832695,1.0,1.0,4,7
publication:2021:f4153571f64e,2021,Reviews on machine learning approaches for process optimization in non-contact direct ink writing,10.1021/acsami.1c04544,https://openalex.org/W3165698513,,45,10.1021/acsami.1c04544,0.9948,0.9948,2,2
publication:2021:c4d9760ac41c,2021,The effect of annealing on additive manufactured ULTEM™ 9085 mechanical properties,10.3390/ma14112907,https://openalex.org/W3165017680,,11,10.3390/ma14112907,1.0,1.0,2,3
publication:2020:f3c940c43c53,2020,3D Printed Electronics of Non-contact Ink Writing Techniques: Status and Promise,10.1007/s40684-019-00139-9,https://openalex.org/W2958160606,,511,10.1007/s40684-019-00139-9,1.0,1.0,3,3
publication:2020:20fb448d54a2,2020,A Part Consolidation Design Method for Additive Manufacturing based on Disassembly Complexity,10.3390/app10031100,https://openalex.org/W3004416703,,1100,10.3390/app10031100,0.9588,0.9588,2,2
publication:2020:c71c7fa1fe08,2020,A Post-treatment Method to Enhance the Property of Aerosol Jet Printed Electric Circuit on 3D Printed Substrate,10.3390/ma13245602,https://openalex.org/W3110866403,,24,10.3390/ma13245602,1.0,1.0,6,8
publication:2020:189c382bc073,2020,A customized smart medical mask for healthcare personnel,10.1109/ieem45057.2020.9309863,https://openalex.org/W3119393526,,,10.1109/ieem45057.2020.9309863,1.0,1.0,5,7
publication:2020:27f3d0c85544,2020,A multi-objective optimization framework for aerosol jet customized line width printing via small data set and prediction uncertainty,10.1016/j.jmatprotec.2020.116779,https://openalex.org/W3031087210,,116779,10.1016/j.jmatprotec.2020.116779,1.0,1.0,4,4
publication:2020:e5e4335964fa,2020,Artificial intelligence for the prediction of tensile properties by using microstructural parameters in high strength steels,10.1016/j.mtla.2020.100699,https://openalex.org/W3022196635,,100699,10.1016/j.mtla.2020.100699,1.0,1.0,14,24
publication:2020:e26776d1562b,2020,Data-driven adaptive control for laser-based additive manufacturing with automatic controller tuning,10.3390/app10227967,https://openalex.org/W3098547112,,22,10.3390/app10227967,1.0,1.0,6,7
publication:2020:a8196dbc18f2,2020,Embedding Sensors using Selective Laser Melting for Self-Cognitive Metal Parts,10.1016/j.addma.2020.101151,https://openalex.org/W3006691357,,101151,10.1016/j.addma.2020.101151,1.0,1.0,14,19
publication:2020:ca5d8da1f506,2020,Impact of Modularity on a Firm’s Economic Objectives,10.1115/1.4044914,https://openalex.org/W2974744909,,041403,10.1115/1.4044914,0.9107,0.9107,7,7
publication:2020:d26319b67e32,2020,Multi-objective Implementation of Additive Manufacturing in Make-to-stock Production,10.1115/1.0001803v,https://openalex.org/W4246793733,DETC2020-22085,,10.1115/1.0001803v,1.0,1.0,3,3
publication:2020:a45044618b8e,2020,Process Characterization for Additively Manufactured ULTEM 9085 using Bayesian Inference,,,,,10.1016/j.polymertesting.2019.106255,0.5758,,2,2
publication:2020:434218d1f3bf,2020,Rapid process modeling of the Aerosol Jet printing based on Gaussian process regression with Latin hypercube sampling,10.1007/s12541-019-00237-3,https://openalex.org/W2976882997,,127,10.1007/s12541-019-00237-3,1.0,1.0,5,6
publication:2020:68b9a1d7cb8f,2020,Surface monitoring for additive manufacturing with in-situ point cloud processing,10.1109/iccar49639.2020.9108092,https://openalex.org/W3033747567,,,10.1109/iccar49639.2020.9108092,1.0,1.0,5,6
publication:2020:69d768b640a6,2020,A hybrid multi-objective optimization of aerosol jet printing process via response surface methodology,10.1016/j.addma.2020.101096,https://openalex.org/W3004323929,,101096,10.1016/j.addma.2020.101096,1.0,1.0,4,4
publication:2019:3434a4e34c2d,2019,A New Laser Scan Method for Microstructural Control in Selective Laser Melting Process,,,,221,10.32657/10356/143157,0.6043,,4,4
publication:2019:1f0ba489fd65,2019,A heterostructure of layered double hydroxide wrapped in few-layer carbon with iridium doping for efficient oxygen evolution,10.1016/j.electacta.2018.11.094,https://openalex.org/W2900609620,,590,10.1016/j.electacta.2018.11.094,1.0,1.0,3,3
publication:2019:611ecf63be56,2019,Additive Manufacturing for Space: Status and Promise,10.1007/s00170-019-03786-z,https://openalex.org/W2946194440,,10,10.1007/s00170-019-03786-z,0.9903,0.9903,2,3
publication:2019:3c6b1fe00874,2019,Advanced aircraft manufacturing and maintenance using three-dimensional printing,10.1007/s00170-019-04604-2,https://openalex.org/W2986017283,,10,10.1007/s00170-019-04604-2,1.0,1.0,4,7
publication:2019:6c4e13cdf26b,2019,Characterization of wear properties of the functionally graded material deposited on cast iron by laser aided additive manufacturing,10.1007/s00170-019-03414-w,https://openalex.org/W2912596900,,10,10.1007/s00170-019-03414-w,1.0,1.0,7,9
publication:2019:f5a8cd9527d3,2019,Comparison of carbon-based reinforcement on laser aided additive manufacturing Inconel 625 composites,10.1016/j.apsusc.2019.06.008,https://openalex.org/W2948236385,,522,10.1016/j.apsusc.2019.06.008,1.0,1.0,7,8
publication:2019:d01e29d9da9e,2019,Decentralized determination of design variables among cooperative designers for multiple product platform design in a product family,10.1016/j.cie.2019.06.039,https://openalex.org/W2950942084,,601,10.1016/j.cie.2019.06.039,0.9647,0.9647,3,4
publication:2019:602b56608fa8,2019,Eco-Modular Product Architecture Identification and Assessment for Product Recovery,10.1007/s10845-016-1253-7,,,383,10.1007/s10845-016-1253-7,1.0,,2,2
publication:2019:6b14f42ad7f3,2019,Failure Analysis and Finite Element Simulation for Structural Systems in an Unmanned Aerial Vehicle,10.1109/urai.2019.8768648,https://openalex.org/W2966871132,,,10.1109/urai.2019.8768648,1.0,1.0,5,8
publication:2019:16609c8aa806,2019,An Integrated Two-Stage Optimization Method for Job-Shop Bottleneck Planning and Scheduling,10.1109/ieem44572.2019.8978728,https://openalex.org/W3004255314,,,10.1109/ieem44572.2019.8978728,1.0,1.0,2,2
publication:2019:d20cfa84ba93,2019,Hybrid Machine Learning Method to Determine the Optimal Operating Process Window in Aerosol Jet 3D Printing,10.1021/acsami.9b02898.s001,https://openalex.org/W6922088726,,19,10.1021/acsami.9b02898.s001,1.0,0.9953,3,5
publication:2019:a1bd55f4ee4d,2019,Investigation on the Effect of Annealing on Additive Manufactured ULTEM™ 9085 Mechanical Properties,10.3390/ma14112907,https://openalex.org/W3165017680,,,10.3390/ma14112907,0.905,0.905,2,3
publication:2019:45842552d962,2019,Laser-induced graphene on Additive Manufacturing ULTEM parts,10.3390/nano9010090,https://openalex.org/W2909749787,,,10.3390/nano9010090,0.9474,0.9474,8,9
publication:2019:9bcb30990a4e,2019,A Reusable Scheduling Problem Decomposition Framework for Smart Factories,10.1109/ieem44572.2019.8978579,https://openalex.org/W3003169432,,,10.1109/ieem44572.2019.8978579,1.0,1.0,2,4
publication:2019:e671bed0e3ae,2019,PhD Research Learning in Product Architecture Design,10.1017/dsi.2019.59,https://openalex.org/W2966074593,,549,10.1017/dsi.2019.59,1.0,1.0,4,4
publication:2019:b7c18090042d,2019,Sustainable Development and Corporate Social Responsibility in the Luxury Market,10.15444/gfmc2019.02.06.02,https://openalex.org/W2953492016,,236,10.15444/gfmc2019.02.06.02,1.0,1.0,5,5
publication:2018:c34573aaaab1,2018,A Human Centered Design Framework to Support Product-service Systems,10.1109/ieem.2018.8607680,https://openalex.org/W2909262173,,545,10.1109/ieem.2018.8607680,1.0,1.0,6,11
publication:2018:8812f6a37844,2018,A Multi-Material Part Design Framework in Additive Manufacturing,10.1007/s00170-018-2025-7,https://openalex.org/W2800939451,,2111,10.1007/s00170-018-2025-7,1.0,1.0,4,5
publication:2018:fc6653a4be49,2018,A hybrid 3D printing method to develop embedded smart sensors,,,,18,10.1145/3230744.3230812,0.3841,,4,4
publication:2018:1bbb416c3356,2018,Characterization of Mechanical Properties of ULTEM®9085 Using FDM,,,,,10.1016/j.polymertesting.2018.10.040,0.5541,,4,4
publication:2018:0b2492d16f1d,2018,Comparison Study on Additive Manufacturing (AM) and Powder Metallurgy (PM) AlSi10Mg Alloys,10.1007/s11837-018-2793-4,https://openalex.org/W2792122015,,644,10.1007/s11837-018-2793-4,1.0,1.0,7,7
publication:2018:ff0d05ae2f9f,2018,Comparison of Elastic Properties for Different Sample Types Fabricated with Additive Manufacturing,,,,,10.1016/j.promfg.2017.07.072,0.7129,,3,3
publication:2018:e3f0f9f074c7,2018,Decentralized Determination of Design Variables among Cooperative Designers for a General Aviation Aircraft Product Family,,https://openalex.org/W2950942084,,,10.1016/j.cie.2019.06.039,0.8408,0.8408,3,4
publication:2018:4828f30d62d2,2018,Femtosecond laser produced hydrophobic hierarchical structures on Additive Manufacturing parts,10.3390/nano8080601,https://openalex.org/W2887138818,,,10.3390/nano8080601,1.0,1.0,6,6
publication:2018:221a57433973,2018,Finite Element Method and Parametric Study on Material Properties and Friction Coefficients for Design of Mechanical Components,10.1115/detc2018-85866,https://openalex.org/W2898993426,DETC2018-85866,,10.1115/detc2018-85866,1.0,1.0,6,7
publication:2018:c91dee912dda,2018,Glasses-type Wearable Computer Displays: Usability Considerations Examined with a 3D Glasses Case Study,10.1080/00140139.2017.1401670,https://openalex.org/W2767518956,,670,10.1080/00140139.2017.1401670,1.0,1.0,8,9
publication:2018:d53603fb46b8,2018,Hole Design Quality Identification in Laser Aided Additive Manufacturing,10.1177/0954405416657584,https://openalex.org/W2466782092,,909,10.1177/0954405416657584,1.0,1.0,3,3
publication:2018:182a4eb18817,2018,Laser Induced Hydrophobicity on the Ti6Al4V Additive Manufacturing Parts,10.25341/d47c7d,https://openalex.org/W2890441466,,,10.3390/nano9010090,0.7778,1.0,2,3
publication:2018:940b412319e1,2018,Numerical Study of Temperature and Cooling Rate in Selective Laser Melting with Functionally Graded Support Structures,10.1016/j.addma.2018.10.039,https://openalex.org/W2898379709,,543,10.1016/j.addma.2018.10.039,1.0,1.0,5,6
publication:2018:425e18233ddd,2018,Numerical and experimental study of laser aided additive manufacturing for melt-pool profile and grain orientation analysis,10.1016/j.matdes.2017.10.033,https://openalex.org/W2763688645,,286,10.1016/j.matdes.2017.10.033,1.0,1.0,7,7
publication:2018:60bad32c6a30,2018,Predictive Maintenance of a Train System Using Multilayer Perceptron Artificial Neural Network,10.1109/icirt.2018.8641604,https://openalex.org/W2913531020,,59,10.1109/icirt.2018.8641604,0.9895,0.9895,5,8
publication:2018:25e4fde4bde2,2018,Rapid process modeling of the Aerosol Jet printing based on Gaussian process regression with Latin hypercube sampling,10.1007/s12541-019-00237-3,https://openalex.org/W2976882997,,,10.1007/s12541-019-00237-3,1.0,1.0,5,6
publication:2018:f1e2a420dcce,2018,aper ID:62,,,,62,10.1093/oed/9678760617,0.625,,7,7
publication:2017:212621ac830d,2017,A Hybrid Machine Learning Approach for Additive Manufacturing Design Feature Recommendation,10.1108/rpj-03-2016-0041,https://openalex.org/W2762176217,,983,10.1108/rpj-03-2016-0041,1.0,1.0,3,3
publication:2017:6ae0c3c13965,2017,Characteristic Length of the Solidified Melt Pool in Selective Laser Melting Process,10.1108/rpj-06-2015-0076,https://openalex.org/W2606425908,,370,10.1108/rpj-06-2015-0076,1.0,1.0,4,5
publication:2017:811db73d95a0,2017,Commonality and Performance Metrics to Evaluate and Optimize the Design of Additive Manufactured Product Families,10.1504/ijmr.2017.083654,https://openalex.org/W4233830556,,44,10.1504/ijmr.2017.083654,0.9912,0.9912,4,4
publication:2017:05956758b3ed,2017,Contrasting Function with Affordance in Design for Additive Manufacturing,10.1115/detc2017-68157,https://openalex.org/W2766677893,DETC2017-68157,,10.1115/detc2017-68157,1.0,1.0,2,2
publication:2017:f20f4dcabd69,2017,Customized Sensors for Structural Health Monitoring in a Train System,,,,,10.1115/smasis2017-3839,0.6331,,6,6
publication:2017:0e84d2f55217,2017,Disassembly Complexity-Driven Module Identification for Additive Manufacturing,10.3233/978-1-61499-779-5-782,https://openalex.org/W3212647124,,,10.3233/978-1-61499-779-5-782,1.0,1.0,2,3
publication:2017:75299fdc7961,2017,Effective of the TiC Nanoparticle on Microstructures and Tensile Properties of Selective Laser Melted IN718/TiC Nanocomposites,10.1088/1757-899x/317/1/012074,https://openalex.org/W2789338896,,,10.1088/1757-899x/317/1/012074,0.984,0.984,4,4
publication:2017:be71c506b741,2017,Effects of Heat Treatment on Microstructures and Tensile Properties of IN718/TiC Nanocomposite Fabricated by Selective Laser Melting,10.1007/s12541-017-0197-y,https://openalex.org/W2772474018,,12,10.1007/s12541-017-0197-y,1.0,1.0,4,4
publication:2017:687073c348a7,2017,Multidisciplinary Design Optimization to Identify Additive Manufacturing Resources in Customized Product Development,10.1016/j.jcde.2016.10.001,https://openalex.org/W2542888042,,131,10.1016/j.jcde.2016.10.001,1.0,1.0,3,3
publication:2017:043ea2522281,2017,Polymer-assisted formation of 3D Pd nanoassemblies: highly active catalysts for formic acid electrooxidation,10.1039/c7se00031f,https://openalex.org/W2601388151,,450,10.1039/c7se00031f,1.0,1.0,3,3
publication:2017:fbea4c87bc4c,2017,Process Monitoring and Inspection Systems in Metal Additive Manufacturing: Status and Applications,10.1007/s40684-017-0029-7,https://openalex.org/W2606155622,,235,10.1007/s40684-017-0029-7,1.0,1.0,3,4
publication:2017:43f79baf0960,2017,Strength and Strain Hardening of a Selective Laser Melted AlSi10Mg Alloy,10.1016/j.scriptamat.2017.07.025,https://openalex.org/W2741045317,,45,10.1016/j.scriptamat.2017.07.025,1.0,1.0,7,7
publication:2017:49390a02cd01,2017,Sustainable Product Family Configuration Based on a Platform Strategy,10.1080/09544828.2017.1393657,https://openalex.org/W2766184279,,731,10.1080/09544828.2017.1393657,1.0,1.0,2,2
publication:2017:83bde1296a16,2017,Sustainable platform identification for product family design,10.1016/j.jclepro.2016.12.073,https://openalex.org/W2566414625,,567,10.1016/j.jclepro.2016.12.073,1.0,1.0,2,2
publication:2016:2d0fb3147a66,2016,A Cost-Driven Design Methodology for Additive Manufactured Variable Platforms in Product Families,10.1115/1.4032504,https://openalex.org/W2289266064,,041701,10.1115/1.4032504,1.0,1.0,3,3
publication:2016:497d6a1f2d0e,2016,A Customized 3D Printed Sensor Development Framework for Component Condition Monitoring,,,,,10.1784/204764216819257169,0.6447,,7,7
publication:2016:ad12ba27d8a2,2016,A Disassembly Complexity Assessment Method for Sustainable Product Design,10.1109/ieem.2016.7798121,https://openalex.org/W2564081365,,,10.1109/ieem.2016.7798121,0.9931,0.9931,4,4
publication:2016:5cd3e45b309e,2016,A production-inventory system with a Markovian service queue and lost sales,10.1016/j.jkss.2015.05.002,https://openalex.org/W644155582,,14,10.1016/j.jkss.2015.05.002,1.0,1.0,2,2
publication:2016:40cb707708c6,2016,An Additive Manufacturing Process Model for Product Family Design,10.1080/09544828.2016.1228101,https://openalex.org/W2524238214,,11,10.1080/09544828.2016.1228101,1.0,1.0,4,5
publication:2016:82d01d268046,2016,An Additive Manufacturing Resource Allocation Framework for Multi-Material Part Design,,,,,10.1016/j.addma.2023.103945,0.5728,,4,4
publication:2016:c7d55b96c158,2016,An Efficient Way of Investigating the Intrinsic Size Effect in Machining,10.1177/0954405415612378,https://openalex.org/W2275756482,,1622,10.1177/0954405415612378,1.0,1.0,3,4
publication:2016:b9b312a92cc5,2016,An Integration of Function- and Affordance-based Methods for Product-service System Utilizing Finite State Automata,10.1109/ieem.2016.7797941,https://openalex.org/W2561893399,,,10.1109/ieem.2016.7797941,1.0,1.0,4,4
publication:2016:b7b5a11d9ac3,2016,Commonality and Performance Metrics of Product Families Implemented with Additive Manufactured Variable Platforms,,,,,10.32657/10356/69590,0.7619,,4,4
publication:2016:236ddd15ef0c,2016,Decision Support System Design for Repair Decision in Remanufacturing,,,,,10.1016/j.procir.2016.01.085,0.687,,3,3
publication:2016:12f27b30f7b1,2016,Effect of 3D Printing Technology in a Production-Manufacturing System: Queueing Theoretic Approach,,,,,10.1007/978-3-030-49150-5_5,0.3541,,3,3
publication:2016:4cf33b331d54,2016,Geometric influence in selective laser melted Ti6Al4V alloy,,,,,10.3390/cryst13020306,0.6569,,3,3
publication:2016:c03605a6033f,2016,Global Views on Modular Design Research: Linking Alternative Methods to Support Modular Product Family Structure Design,,,,07031,10.1115/1.4033654,0.8954,,5,5
publication:2016:209be4fbb93b,2016,"Grasp and index finger reach zone during one-handed smartphone rear interaction: Effects of task type, phone width, and hand length",10.1080/00140139.2016.1146346,https://openalex.org/W2294024866,,1462,10.1080/00140139.2016.1146346,1.0,1.0,5,6
publication:2016:e10151f3380e,2016,Hybrid layering scanning-projection micro-stereolithography for fabrication of conical microlens array and hollow microneedle array,10.1016/j.mee.2015.12.007,https://openalex.org/W2191301466,,15,10.1016/j.mee.2015.12.007,1.0,1.0,3,3
publication:2016:787b8f17e284,2016,Influence of the Geometric Factor for The Width of the Contour Scan in Selective Laser Melting,,https://openalex.org/W2586364478,,,10.1016/j.addma.2015.12.001,0.5467,1.0,3,6
publication:2016:104bdf65ff16,2016,Multidisciplinary Design Optimization for Additive Manufactured Customized Products,,,,,10.1016/j.jcde.2016.10.001,0.794,,3,3
publication:2016:730e2ef505f3,2016,User-Centered Design for Additive Manufacturing as a Customization Strategy,,https://openalex.org/W2577577885,,,10.32657/10356/81023,0.6389,1.0,4,9
publication:2016:11ca8de43dc2,2016,Voice Coil Navigation Sensor for Flexible Silicone Intubation,10.1109/tmech.2015.2476836,https://openalex.org/W2293626157,,851,10.1109/tmech.2015.2476836,1.0,1.0,5,7
publication:2015:a7e52d1ac2c3,2015,A decision support system for market-driven product positioning and design,10.1016/j.dss.2014.11.010,https://openalex.org/W1985960350,,82,10.1016/j.dss.2014.11.010,1.0,1.0,2,2
publication:2015:4ba697a03c57,2015,Additive Manufacturing Design Future Selection for Variable Product Platforms,,,,,10.1115/detc2015-46665,0.67,,3,3
publication:2015:e17dae89a140,2015,A Mechanistic Cutting Force Model with Consideration of the Intrinsic and Geometric Size Effects Decoupled,10.1007/s00170-015-7227-7,https://openalex.org/W278718426,,745,10.1007/s00170-015-7227-7,1.0,1.0,3,4
publication:2015:97d7d57dd58d,2015,Analysis of production/inventory systems integrated with service queues,,,,,10.1080/00207728308926536,0.6906,,3,3
publication:2015:1b93229e591f,2015,Assessing and generating modules for product recovery in eco-product family development,,,DETC2015-47130,,10.1115/detc2015-47130,0.7571,,2,2
publication:2015:c3764d377f09,2015,Decision making criteria for sustainable remanufacturing,10.1007/978-3-319-19006-8_10,https://openalex.org/W1673712813,,,10.1007/978-3-319-19006-8_10,1.0,1.0,3,3
publication:2015:3a361ad38813,2015,Design Knowledge Representation to Support Personalised Additive Manufacturing,10.1080/17452759.2015.1107942,https://openalex.org/W2218348844,,217,10.1080/17452759.2015.1107942,1.0,1.0,3,4
publication:2015:5836ad012bdb,2015,Design for Additive Manufacturing in Customized Products,10.1007/s12541-015-0305-9,https://openalex.org/W2241810574,,11,10.1007/s12541-015-0305-9,1.0,1.0,3,4
publication:2015:875f7ab7e359,2015,Flexible Membrane Wing Warping Using Tendon-Sheath Mechanism,10.1109/med.2015.7158816,https://openalex.org/W1607522896,,,10.1109/med.2015.7158816,1.0,1.0,3,5
publication:2015:d57ea1a3765e,2015,Halide ions assisted synthesis of different α-Fe2O3 hollow structures and their lithium ion storage properties,10.1002/cplu.201402236,https://openalex.org/W1963721807,,522,10.1002/cplu.201402236,0.9145,0.9145,8,13
publication:2015:0b1156988bc8,2015,Modeling and Observation of Compressive Behaviors of Closed Cellular Structures using Central Voronoi Tessellation Concepts,10.1007/s12541-015-0316-6,https://openalex.org/W2180734429,,12,10.1007/s12541-015-0316-6,0.9919,0.9919,5,5
publication:2015:0a441224f3d4,2015,Quality Control of 3D Printed Parts in Selective Laser Melting Process,,,,,10.1115/detc2015-47983,0.6506,,4,4
publication:2015:b9d7b3f5edfe,2015,Real-time Product Recovery Decision Making Algorithm for Sustainability,,,,,10.1109/cstic.2015.7153380,0.566,,3,3
publication:2015:e1a1ecadd3d7,2015,Redefining Product Family Design for Additive Manufacturing,,https://openalex.org/W2803003645,,,10.32657/10356/66496,0.8739,1.0,3,4
publication:2015:2681215966f7,2015,The Additive Manufacturing Process Setting's Feasible Space Exploration and Association with Variable Product Platform Design,10.1115/detc2015-46665,https://openalex.org/W2324766553,DETC2015-46665,,10.1115/detc2015-46665,0.996,0.996,3,3
publication:2014:17a92f1f6e34,2014,3D Printing as an Efficient Way for Comparative Study of Biomimetic Structures - Trabecular Bone and Honeycomb,10.1007/s12206-014-1031-4,https://openalex.org/W1990056613,,11,10.1007/s12206-014-1031-4,1.0,1.0,3,5
publication:2014:2747fe2f486e,2014,A Formal Model of Human Interactions for Service Ecosystem Design,10.1115/detc2014-34839,https://openalex.org/W2066889412,DETC2014-34839,,10.1115/detc2014-34839,1.0,1.0,4,7
publication:2014:ce22598178df,2014,A Framework to Identify Sustainability Indicators for Product Design,10.1109/ieem.2014.7058597,https://openalex.org/W2003584035,,,10.1109/ieem.2014.7058597,1.0,1.0,6,8
publication:2014:bad715a7a587,2014,A New Approach for Product Design by Integrating Assembly and Disassembly Sequence Structure Planning,10.1007/978-3-319-13359-1_20,https://openalex.org/W1003853258,,,10.1007/978-3-319-13359-1_20,1.0,1.0,4,4
publication:2014:3739ab4921e4,2014,A time-dependent busy period queue length formula the M/E_k/1 queue,,,,98,10.3390/math7080717,0.6761,,3,3
publication:2014:2f4ee28d9c93,2014,Application of 3D Printing Technology for Designing Light-Weight Unmanned Aerial Vehicle Wing Structures,10.1007/s40684-014-0028-x,https://openalex.org/W1969241835,,223,10.1007/s40684-014-0028-x,1.0,1.0,4,6
publication:2014:bd55215630c1,2014,Customization Design Knowledge Representation to Support Additive Manufacturing,10.3850/978-981-09-0446-3_098,https://openalex.org/W2314600240,,,10.3850/978-981-09-0446-3_098,1.0,1.0,3,4
publication:2014:e1b306ebcb6d,2014,Decision Support Systems Design for Data-driven Management,10.1115/detc2014-34871,https://openalex.org/W2014175168,DETC2014-34871,,10.1115/detc2014-34871,1.0,1.0,2,3
publication:2014:c1af3921610f,2014,Effects of Weight Balance on a 3D TV Shutter Type Glasses: Subjective Discomfort and Physical Contact Load on the Nose,10.1016/j.ergon.2014.10.005,https://openalex.org/W2081394620,,801,10.1016/j.ergon.2014.10.005,1.0,1.0,7,7
publication:2014:1ec2f3683f5c,2014,Inflatable Wing Design for Micro UAVs using Indirect 3D Printing,10.1109/urai.2014.7057386,https://openalex.org/W2040598524,,,10.1109/urai.2014.7057386,1.0,1.0,2,2
publication:2014:175584c7a23c,2014,Influence of substrate heating on hole geometry and spatter area in femtosecond laser drilling of silicon,10.1063/1.4875928,https://openalex.org/W1977934366,,18,10.1063/1.4875928,1.0,1.0,5,8
publication:2014:c15d227a2195,2014,Intentional and Unintentional Medication Nonadherence – Comparing Older and Younger Adults,10.1177/1541931214581034,https://openalex.org/W2157613878,,,10.1177/1541931214581034,1.0,1.0,4,4
publication:2014:2722853af6b0,2014,M/M/1 Queue with a Production Inventory System and Lost Sale,10.1016/j.amc.2014.02.033,https://openalex.org/W2086926218,,534,10.1016/j.amc.2014.02.033,0.96,0.96,2,2
publication:2014:28f08d1f3be3,2014,Orientation Measurement based on Magnetic Inductance by Extended Distributed Multi-Pole Model,10.3390/s140711504,https://openalex.org/W2161350666,,11504,10.3390/s140711504,0.9789,0.9789,3,4
publication:2014:03974a2e6929,2014,Platform Design Variable Identification for a Product Family using Multi-objective Particle Swarm Optimization,10.1007/s00163-013-0166-0,https://openalex.org/W2038991891,,95,10.1007/s00163-013-0166-0,1.0,1.0,3,3
publication:2014:7f5e52c8f2ea,2014,Working Principles of 3D Xerography,10.3850/978-981-09-0446-3_100,https://openalex.org/W2318012682,,,10.3850/978-981-09-0446-3_100,1.0,1.0,3,6
publication:2013:95fae8c73f31,2013,A Product-Service System Model for Identifying Design Factors,10.1115/detc2013-12543,https://openalex.org/W2170541262,DETC2013-12543,,10.1115/detc2013-12543,1.0,1.0,3,3
publication:2013:8122de95a84f,2013,A decision support system for market segment driven product design,,https://openalex.org/W2589872124,,,10.1016/j.dss.2014.11.010,0.8286,1.0,2,3
publication:2013:047f6078c16d,2013,A product-service system design framework using objective-oriented concepts and blueprint,,https://openalex.org/W2531011378,,,10.1109/cacwd.2004.1349226,0.5132,1.0,4,5
publication:2013:c38b58825ddd,2013,Additive Manufacturing and Topology Optimization to Support Product Family Design,10.1201/b15961-93,https://openalex.org/W2497916598,,,10.1201/b15961-93,1.0,1.0,3,5
publication:2013:235e505a1e57,2013,An Additive Manufacturing Resource Process Model for Product Family Design,10.1109/ieem.2013.6962485,https://openalex.org/W2333645238,,,10.1109/ieem.2013.6962485,1.0,1.0,3,4
publication:2013:8f84de1c84b5,2013,An Efficient Branch-and-bound Algorithm for Interface-based Modular Product Design,10.1115/detc2012-70712,https://openalex.org/W2044527643,,044502,10.1115/detc2012-70712,0.9139,0.9139,3,5
publication:2013:0f02cddca1b8,2013,Application of dynamic value-attribute modeling in a product family,,,,,10.1115/1.4007448,0.481,,4,4
publication:2013:9e5f527c9d67,2013,Change Propagation Analysis for Sustainability in Product Design,10.1109/ieem.2013.6962536,https://openalex.org/W2331906628,,,10.1109/ieem.2013.6962536,1.0,1.0,6,7
publication:2013:cef3cd24f415,2013,Estimation of Singapore's hourly solar radiation using hybrid-Markov transition matrices method,10.1007/s12541-013-0044-8,https://openalex.org/W2005127446,,323,10.1007/s12541-013-0044-8,1.0,1.0,5,6
publication:2013:6340e0c2d49c,2013,Service Reliability Improvement in Manufacturing and Operating Systems,10.1007/s12541-013-0189-5,https://openalex.org/W2043076510,,1401,10.1007/s12541-013-0189-5,1.0,1.0,5,6
publication:2013:55c5770642e4,2013,Service-Oriented FMEA and Grey Relational Analysis Based Approach to Service Reliability Assessment,,,,12,10.1016/j.mcm.2011.07.042,0.5213,,3,3
publication:2013:b7e2b5ba6dd5,2013,The Job-Centered PSS Blueprint for Designing a Product-Service System,,,,319,10.1145/3468013.3468326,0.4564,,3,3
publication:2012:90206b4f417d,2012,A Market-based Design Strategy for a Universal Product Family,10.1115/1.4007395,https://openalex.org/W2152884471,,11,10.1115/1.4007395,1.0,1.0,2,2
publication:2012:5dc9ee2c2e21,2012,A Product-Service System Design Framework based on a Business Ecosystem,10.1115/detc2012-70731,https://openalex.org/W2044403579,DETC2012,,10.1115/detc2012-70731,1.0,1.0,3,3
publication:2012:734167876f31,2012,Considering Context: The Role of Task Characteristics in Users' Perceptions of Usability,,,,543,10.1080/10447318.2011.622973,0.766,,4,4
publication:2012:a81a133191bd,2012,Design Factor Identification for a Product-Service System,,,,,10.1007/978-981-13-0863-5_1,0.708,,4,4
publication:2012:9a1fafb293bc,2012,Determination of Optimal Location of Circuit Board and Battery on 3D Glasses by Considering Nose Load and Subjective Discomfort,10.1037/e572172013-390,https://openalex.org/W4230582905,,,10.1037/e572172013-390,1.0,1.0,7,7
publication:2012:674fc11fc440,2012,Objective Product Family Design Analysis Using Self-Organization Map,,,,,10.32657/10356/66496,0.5312,,2,2
publication:2012:30d8187d2b39,2012,Service Reliability Evaluation using Fuzzy Failure Mode Effects Analysis and Grey Theory,,,,,10.1108/09576060110391174,0.6187,,3,3
publication:2012:7f29d6967156,2012,Universal Product Family Design for Human Variability and Aesthetics,10.1201/b12525-9,https://openalex.org/W2953712238,,,10.1201/b12525-9,1.0,1.0,4,5
publication:2011:eaa095d24f84,2011,A Module-based Service Model for Mass Customization: Service Family Design,10.1080/07408171003705383,https://openalex.org/W2034977279,,153,10.1080/07408171003705383,1.0,1.0,4,5
publication:2011:d073d81bcba0,2011,Design and Assessment of Ergonomics of Hand-Powered Pruning Shears Based on Gender-Specific Operating Strategy,10.1037/e578902012-358,https://openalex.org/W4235001533,,,10.1037/e578902012-358,1.0,1.0,4,4
publication:2011:3e2ed98473a8,2011,Determination of Optimal Grip Span between a Bicycle Handlebar and a Brake Lever by Using a Two-Dimensional Biomechanical Hand Model,10.1037/e578902012-350,https://openalex.org/W4235786362,,,10.1037/e578902012-350,1.0,1.0,4,4
publication:2011:ba9cbf1becfa,2011,Effects of mental workload and operator control on perceived usability,10.1037/e578902012-259,https://openalex.org/W4250062030,,,10.1037/e578902012-259,1.0,1.0,4,5
publication:2011:3c1ccc3ce581,2011,Platform Strategy for Product Family Design using Particle Swarm Optimization,10.1115/detc2011-48060,https://openalex.org/W2088474238,DETC2011,,10.1115/detc2011-48060,1.0,1.0,3,3
